<?xml version="1.0" encoding="UTF-8"?>
<beans:beans xmlns="http://www.springframework.org/schema/security"
    xmlns:beans="http://www.springframework.org/schema/beans"
    xmlns:xsi="http://www.w3.org/2001/XMLSchema-instance"
    xsi:schemaLocation="http://www.springframework.org/schema/beans
    http://www.springframework.org/schema/beans/spring-beans-3.0.xsd
    http://www.springframework.org/schema/security
    http://www.springframework.org/schema/security/spring-security-3.1.xsd">
 
    <http auto-config="true"  use-expressions="true">
    	<intercept-url pattern="/" access="permitAll" />
        <intercept-url pattern="/login" access="permitAll" />
        <intercept-url pattern="/logout" access="permitAll" />
        <intercept-url pattern="/accessdenied" access="permitAll" />
        <intercept-url pattern="/aboutus" access="permitAll"/>
        
        <intercept-url pattern="/aindex"  access="hasRole('ROLE_ADMIN')"/>
        <intercept-url pattern="/addprod" access="hasRole('ROLE_ADMIN')"/>
        <intercept-url pattern="/updprod" access="hasRole('ROLE_ADMIN')"/>
        <intercept-url pattern="/delprod" access="hasRole('ROLE_ADMIN')"/>
        <intercept-url pattern="/addcust" access="hasRole('ROLE_ADMIN')"/>
        <intercept-url pattern="/updcust" access="hasRole('ROLE_ADMIN')"/>
        <intercept-url pattern="/delcust" access="hasRole('ROLE_ADMIN')"/>
        
        <intercept-url pattern="/cindex" access="hasRole('ROLE_USER')"/>
        <intercept-url pattern="/viewprods" access="hasRole('ROLE_USER')"/>
        <intercept-url pattern="/addcart" access="hasRole('ROLE_USER')"/>
        
        <form-login login-page="/login" default-target-url="/cindex"  authentication-failure-url="/accessdenied" />
        <form-login login-page="/login" default-target-url="/aindex"  authentication-failure-url="/accessdenied" />
        <logout logout-success-url="/logout" />
    </http>
 
    <authentication-manager alias="authenticationManager">
        <authentication-provider>
            <jdbc-user-service data-source-ref="dataSource"
            users-by-username-query="select name,pwd,enabled from customer where name=?"
            authorities-by-username-query="select name,role from customer where name = ?"
            />
        </authentication-provider>
    </authentication-manager>
 
</beans:beans>