<?xml version="1.0" encoding="UTF-8"?>
<beans xmlns="http://www.springframework.org/schema/beans"
   xmlns:context="http://www.springframework.org/schema/context"
   xmlns:xsi="http://www.w3.org/2001/XMLSchema-instance"
   xmlns:mvc="http://www.springframework.org/schema/mvc"
   xsi:schemaLocation="
   http://www.springframework.org/schema/beans     
   http://www.springframework.org/schema/beans/spring-beans-3.0.xsd
   http://www.springframework.org/schema/context 
   http://www.springframework.org/schema/context/spring-context-3.0.xsd
   http://www.springframework.org/schema/mvc
   http://www.springframework.org/schema/mvc/spring-mvc.xsd">

	<!-- To allow Spring to access Resources -->
 	<mvc:resources mapping="/resources/**" location="/resources/" />
 	<mvc:annotation-driven/>
 
 	<!-- To identify SpringController -->
 	<context:component-scan base-package="com.musichub.controller" />
 
 	<!-- To identify jsp pages by the name returned by the ModelAndView Name -->
 	<bean class="org.springframework.web.servlet.view.InternalResourceViewResolver">
      <property name="prefix" value="/WEB-INF/view/"></property>
      <property name="suffix" value=".jsp" />
   	</bean>
 </beans>